Number,PIN,Balance,Sold,Language,Daily charge paid till
"1131811000","9256",10.0840336134454,0,English,
"1131811001","9292",10.0840336134454,0,Russian,
"1131811002","8922",10.0840336134454,0,Latvian,
