Number,PIN,Balance,Sold,Language,Daily charge paid till
"1131811400","4256",10.0840336134454,0,English,
"1131811401","9492",10.0840336134454,0,Russian,
"1131811402","8942",10.0840336134454,0,Latvian,
