Number,PIN,Balance,Sold,Language,Daily charge paid till
"1131811100","9296",10.0840336134454,0,English,
"1131811201","9282",10.0840336134454,0,Russian,
"1131811302","8972",10.0840336134454,0,Latvian,
