"Country";"Rate";"Code"
"Afghanistan";0.21;93
"Russia.Moscow.mobile";0.04;7916
"Russia.Moscow.mobile";0.04;"7925101.925102.925103.925104.925105.925106.925108.925130.925136.925139.925220.925991.925997.925998.925999.9250.9258.925920.925922.925960.925961.925967.925968.925969.925970.925974.925985.925542.925543.925544.925545.925585.925589.925642.925646.9257.925410.925411.925500.925502.925504.925505.925506.925507.925508.925509.925510.925514.925517.925518.925226.925231.925233.925247.925258.925363.925364.9260.9261.9262.9263.9264.9265.9266.9267.9268.9269.9295.9299.9296"
"Russia.Moscow.mobile";0.04;7925542
